Workbook

Sheet products
A1: Product ID | B1: Product Name | C1: Category | D1: Brand | E1: Price | F1: Stock
A2: P1001 | B2: Laptop | C2: Electronics | D2: Dell | E2: 55000 | F2: 25
A3: P1002 | B3: Smartphone | C3: Electronics | D3: Samsung | E3: 32000 | F3: 40
A4: P1003 | B4: Headphones | C4: Electronics | D4: Sony | E4: 4500 | F4: 80
A5: P1004 | B5: Keyboard | C5: Accessories | D5: Logitech | E5: 1800 | F5: 65
A6: P1005 | B6: Mouse | C6: Accessories | D6: HP | E6: 900 | F6: 120
A7: P1006 | B7: Printer | C7: Electronics | D7: Canon | E7: 12500 | F7: 18
A8: P1007 | B8: Office Chair | C8: Furniture | D8: Green Soul | E8: 8500 | F8: 20
A9: P1008 | B9: Office Desk | C9: Furniture | D9: IKEA | E9: 12000 | F9: 15
A10: P1009 | B10: Monitor | C10: Electronics | D10: LG | E10: 16000 | F10: 30
A11: P1010 | B11: Webcam | C11: Accessories | D11: Logitech | E11: 3500 | F11: 50

Sheet answer
A1: 1
B3: Product ID | C3: Product Name
B4: P1006 | C4: =INDEX(products!B:B, MATCH(B4, products!A:A, 0)) -> Printer
A7: 2 | B7: Product ID | C7: Price
B8: P1008 | C8: =INDEX(products!A1:F11,MATCH(B8,products!A:A,0),5) -> 12000
A10: 3 | B10: Product ID | C10: brand
B11: P1003 | C11: =INDEX(products!$A$1:$F$11,MATCH(answer!B11,products!A:A,0),4) -> Sony
A13: 4 | B13: Product ID | C13: stock
B14: P1005 | C14: =INDEX(products!$A$1:$F$11,MATCH(answer!B14,products!A:A,0),6) -> 120
A16: 5 | B16: Product ID | C16: category
B17: P1004 | C17: =INDEX(products!$A$1:$F$11,MATCH(answer!B17,products!A:A,0),4) -> Logitech
A19: 6 | B19: cus ID | C19: cust name
B20: C007 | C20: =INDEX(customers!$A$1:$E$11,MATCH(answer!B20,customers!A:A,0),2) -> Rohan Gupta
A22: 7 | B22: cus ID | C22: city
B23: C010 | C23: =INDEX(customers!$A$1:$E$11,MATCH(answer!B23,customers!A:A,0),3) -> Kochi
A25: 8 | B25: cus ID | C25: state
B26: C003 | C26: =INDEX(customers!$A$1:$E$11,MATCH(answer!B26,customers!A:A,0),4) -> Maharashtra
A28: 9 | B28: cus ID | C28: gender
B29: C006 | C29: =INDEX(customers!$A$1:$E$11,MATCH(answer!B29,customers!A:A,0),5) -> Female
A31: 10 | B31: store id | C31: name
B32: S003 | C32: =INDEX(stores!$A$1:$D$6,MATCH(answer!B32,stores!A:A,0),2) -> Central Store
A34: 11 | B34: store id | C34: city
B35: S005 | C35: =INDEX(stores!$A$1:$D$6,MATCH(answer!B35,stores!A:A,0),3) -> Jaipur
A37: 12 | B37: store id | C37: state
B38: S002 | C38: =INDEX(stores!$A$1:$D$6,MATCH(answer!B38,stores!A:A,0),4) -> Gujarat
A40: 13 | B40: Product ID | C40: Product Name
B41: P1001 | C41: =INDEX(products!$A$1:$F$11,MATCH(answer!B41,answer!$B$40:$B$50,0),2) -> Laptop
B42: P1002 | C42: =INDEX(products!$A$1:$F$11,MATCH(answer!B42,answer!$B$40:$B$50,0),2) -> Smartphone
B43: P1003 | C43: =INDEX(products!$A$1:$F$11,MATCH(answer!B43,answer!$B$40:$B$50,0),2) -> Headphones
B44: P1004 | C44: =INDEX(products!$A$1:$F$11,MATCH(answer!B44,answer!$B$40:$B$50,0),2) -> Keyboard
B45: P1005 | C45: =INDEX(products!$A$1:$F$11,MATCH(answer!B45,answer!$B$40:$B$50,0),2) -> Mouse
B46: P1006 | C46: =INDEX(products!$A$1:$F$11,MATCH(answer!B46,answer!$B$40:$B$50,0),2) -> Printer
B47: P1007 | C47: =INDEX(products!$A$1:$F$11,MATCH(answer!B47,answer!$B$40:$B$50,0),2) -> Office Chair
B48: P1008 | C48: =INDEX(products!$A$1:$F$11,MATCH(answer!B48,answer!$B$40:$B$50,0),2) -> Office Desk
B49: P1009 | C49: =INDEX(products!$A$1:$F$11,MATCH(answer!B49,answer!$B$40:$B$50,0),2) -> Monitor
B50: P1010 | C50: =INDEX(products!$A$1:$F$11,MATCH(answer!B50,answer!$B$40:$B$50,0),2) -> Webcam
A53: 14 | B53: Customer ID | C53: Customer Name
B54: C001 | C54: =INDEX(customers!$A$1:$E$11,MATCH(answer!B54,answer!$B$53:$B$63,0),2) -> Amit Patel
B55: C002 | C55: =INDEX(customers!$A$1:$E$11,MATCH(answer!B55,answer!$B$53:$B$63,0),2) -> Priya Shah
B56: C003 | C56: =INDEX(customers!$A$1:$E$11,MATCH(answer!B56,answer!$B$53:$B$63,0),2) -> Rahul Mehta
B57: C004 | C57: =INDEX(customers!$A$1:$E$11,MATCH(answer!B57,answer!$B$53:$B$63,0),2) -> Sneha Joshi
B58: C005 | C58: =INDEX(customers!$A$1:$E$11,MATCH(answer!B58,answer!$B$53:$B$63,0),2) -> Arjun Singh
B59: C006 | C59: =INDEX(customers!$A$1:$E$11,MATCH(answer!B59,answer!$B$53:$B$63,0),2) -> Neha Verma
B60: C007 | C60: =INDEX(customers!$A$1:$E$11,MATCH(answer!B60,answer!$B$53:$B$63,0),2) -> Rohan Gupta
B61: C008 | C61: =INDEX(customers!$A$1:$E$11,MATCH(answer!B61,answer!$B$53:$B$63,0),2) -> Pooja Sharma
B62: C009 | C62: =INDEX(customers!$A$1:$E$11,MATCH(answer!B62,answer!$B$53:$B$63,0),2) -> Karan Desai
B63: C010 | C63: =INDEX(customers!$A$1:$E$11,MATCH(answer!B63,answer!$B$53:$B$63,0),2) -> Anjali Nair
A66: 15 | B66: Store ID | C66: Store Name
B67: S001 | C67: =INDEX(stores!$A$1:$D$6,MATCH(answer!B67,answer!$B$66:$B$71,0),2) -> Alpha Store
B68: S002 | C68: =INDEX(stores!$A$1:$D$6,MATCH(answer!B68,answer!$B$66:$B$71,0),2) -> Beta Store
B69: S003 | C69: =INDEX(stores!$A$1:$D$6,MATCH(answer!B69,answer!$B$66:$B$71,0),2) -> Central Store
B70: S004 | C70: =INDEX(stores!$A$1:$D$6,MATCH(answer!B70,answer!$B$66:$B$71,0),2) -> Digital Hub
B71: S005 | C71: =INDEX(stores!$A$1:$D$6,MATCH(answer!B71,answer!$B$66:$B$71,0),2) -> Smart World
A74: 16 | B74: Product ID | C74: Product price
B75: P1001 | C75: =INDEX(products!$A$1:$F$11,MATCH(answer!B75,answer!$B$40:$B$50,0),5) -> 55000
B76: P1002 | C76: =INDEX(products!$A$1:$F$11,MATCH(answer!B76,answer!$B$40:$B$50,0),5) -> 32000
B77: P1003 | C77: =INDEX(products!$A$1:$F$11,MATCH(answer!B77,answer!$B$40:$B$50,0),5) -> 4500
B78: P1004 | C78: =INDEX(products!$A$1:$F$11,MATCH(answer!B78,answer!$B$40:$B$50,0),5) -> 1800
B79: P1005 | C79: =INDEX(products!$A$1:$F$11,MATCH(answer!B79,answer!$B$40:$B$50,0),5) -> 900
B80: P1006 | C80: =INDEX(products!$A$1:$F$11,MATCH(answer!B80,answer!$B$40:$B$50,0),5) -> 12500
B81: P1007 | C81: =INDEX(products!$A$1:$F$11,MATCH(answer!B81,answer!$B$40:$B$50,0),5) -> 8500
B82: P1008 | C82: =INDEX(products!$A$1:$F$11,MATCH(answer!B82,answer!$B$40:$B$50,0),5) -> 12000
B83: P1009 | C83: =INDEX(products!$A$1:$F$11,MATCH(answer!B83,answer!$B$40:$B$50,0),5) -> 16000
B84: P1010 | C84: =INDEX(products!$A$1:$F$11,MATCH(answer!B84,answer!$B$40:$B$50,0),5) -> 3500
A87: 17 | B87: Price | C87: Quantity | D87: Total sale
B88: =INDEX(products!$E$1:$E$11,MATCH(products!E2,products!$E$1:$E$11,0)) -> 55000 | C88: =INDEX(sales!$D$1:$D$16,MATCH(sales!D2,sales!$D$1:$D$16,0)) -> 1 | D88: =INDEX(products!$E$1:$E$11,MATCH(products!E2,products!$E$1:$E$11,0)) * INDEX(sales!$D$1:$D$16,MATCH(sales!D2,sales!$D$1:$D$16,0)) -> 55000
B89: =INDEX(products!$E$1:$E$11,MATCH(products!E3,products!$E$1:$E$11,0)) -> 32000 | C89: =INDEX(sales!$D$1:$D$16,MATCH(sales!D3,sales!$D$1:$D$16,0)) -> 3 | D89: =INDEX(products!$E$1:$E$11,MATCH(products!E3,products!$E$1:$E$11,0)) * INDEX(sales!$D$1:$D$16,MATCH(sales!D3,sales!$D$1:$D$16,0)) -> 96000
B90: =INDEX(products!$E$1:$E$11,MATCH(products!E4,products!$E$1:$E$11,0)) -> 4500 | C90: =INDEX(sales!$D$1:$D$16,MATCH(sales!D4,sales!$D$1:$D$16,0)) -> 2 | D90: =INDEX(products!$E$1:$E$11,MATCH(products!E4,products!$E$1:$E$11,0)) * INDEX(sales!$D$1:$D$16,MATCH(sales!D4,sales!$D$1:$D$16,0)) -> 9000
B91: =INDEX(products!$E$1:$E$11,MATCH(products!E5,products!$E$1:$E$11,0)) -> 1800 | C91: =INDEX(sales!$D$1:$D$16,MATCH(sales!D5,sales!$D$1:$D$16,0)) -> 1 | D91: =INDEX(products!$E$1:$E$11,MATCH(products!E5,products!$E$1:$E$11,0)) * INDEX(sales!$D$1:$D$16,MATCH(sales!D5,sales!$D$1:$D$16,0)) -> 1800
B92: =INDEX(products!$E$1:$E$11,MATCH(products!E6,products!$E$1:$E$11,0)) -> 900 | C92: =INDEX(sales!$D$1:$D$16,MATCH(sales!D6,sales!$D$1:$D$16,0)) -> 2 | D92: =INDEX(products!$E$1:$E$11,MATCH(products!E6,products!$E$1:$E$11,0)) * INDEX(sales!$D$1:$D$16,MATCH(sales!D6,sales!$D$1:$D$16,0)) -> 1800
B93: =INDEX(products!$E$1:$E$11,MATCH(products!E7,products!$E$1:$E$11,0)) -> 12500 | C93: =INDEX(sales!$D$1:$D$16,MATCH(sales!D7,sales!$D$1:$D$16,0)) -> 1 | D93: =INDEX(products!$E$1:$E$11,MATCH(products!E7,products!$E$1:$E$11,0)) * INDEX(sales!$D$1:$D$16,MATCH(sales!D7,sales!$D$1:$D$16,0)) -> 12500
B94: =INDEX(products!$E$1:$E$11,MATCH(products!E8,products!$E$1:$E$11,0)) -> 8500 | C94: =INDEX(sales!$D$1:$D$16,MATCH(sales!D8,sales!$D$1:$D$16,0)) -> 1 | D94: =INDEX(products!$E$1:$E$11,MATCH(products!E8,products!$E$1:$E$11,0)) * INDEX(sales!$D$1:$D$16,MATCH(sales!D8,sales!$D$1:$D$16,0)) -> 8500
B95: =INDEX(products!$E$1:$E$11,MATCH(products!E9,products!$E$1:$E$11,0)) -> 12000 | C95: =INDEX(sales!$D$1:$D$16,MATCH(sales!D9,sales!$D$1:$D$16,0)) -> 2 | D95: =INDEX(products!$E$1:$E$11,MATCH(products!E9,products!$E$1:$E$11,0)) * INDEX(sales!$D$1:$D$16,MATCH(sales!D9,sales!$D$1:$D$16,0)) -> 24000
B96: =INDEX(products!$E$1:$E$11,MATCH(products!E10,products!$E$1:$E$11,0)) -> 16000 | C96: =INDEX(sales!$D$1:$D$16,MATCH(sales!D10,sales!$D$1:$D$16,0)) -> 4 | D96: =INDEX(products!$E$1:$E$11,MATCH(products!E10,products!$E$1:$E$11,0)) * INDEX(sales!$D$1:$D$16,MATCH(sales!D10,sales!$D$1:$D$16,0)) -> 64000
B97: =INDEX(products!$E$1:$E$11,MATCH(products!E11,products!$E$1:$E$11,0)) -> 3500 | C97: =INDEX(sales!$D$1:$D$16,MATCH(sales!D11,sales!$D$1:$D$16,0)) -> 1 | D97: =INDEX(products!$E$1:$E$11,MATCH(products!E11,products!$E$1:$E$11,0)) * INDEX(sales!$D$1:$D$16,MATCH(sales!D11,sales!$D$1:$D$16,0)) -> 3500
A99: 18
N100: 18 | O100: Sale ID | P100: Product Name | Q100: Category | R100: Customer Name | S100: Store Name | T100: Quantity | U100: Price | V100: Total sale
O101: =INDEX(sales!$A:$A,MATCH(sales!A2,sales!$A:$A,0)) -> SA001 | P101: =INDEX(products!$B$1:$B$11,MATCH(products!B2,products!$B$1:$B$11,0)) -> Laptop | Q101: =INDEX(products!$C$1:$C$11,MATCH(products!C2,products!$C$1:$C$11,0)) -> Electronics | R101: =INDEX(customers!$B$1:$B$11,MATCH(customers!B2,customers!$B$1:$B$11,0)) -> Amit Patel | S101: =INDEX(stores!$B$1:$B$6,MATCH(stores!B2,stores!$B$1:$B$6,0)) -> Alpha Store | T101: =INDEX(sales!$D$1:$D$16,MATCH(sales!D2,sales!$D$1:$D$16,0)) -> 1 | U101: =INDEX(products!$E$1:$E$11,MATCH(products!E2,products!$E$1:$E$11,0)) -> 55000 | V101: =U101 *INDEX(sales!$D$1:$D$16,MATCH(sales!D2,sales!$D$1:$D$16,0)) -> 55000
O102: =INDEX(sales!$A:$A,MATCH(sales!A3,sales!$A:$A,0)) -> SA002 | P102: =INDEX(products!$B$1:$B$11,MATCH(products!B3,products!$B$1:$B$11,0)) -> Smartphone | Q102: =INDEX(products!$C$1:$C$11,MATCH(products!C3,products!$C$1:$C$11,0)) -> Electronics | R102: =INDEX(customers!$B$1:$B$11,MATCH(customers!B3,customers!$B$1:$B$11,0)) -> Priya Shah | S102: =INDEX(stores!$B$1:$B$6,MATCH(stores!B3,stores!$B$1:$B$6,0)) -> Beta Store | T102: =INDEX(sales!$D$1:$D$16,MATCH(sales!D3,sales!$D$1:$D$16,0)) -> 3 | U102: =INDEX(products!$E$1:$E$11,MATCH(products!E3,products!$E$1:$E$11,0)) -> 32000 | V102: =U102 *INDEX(sales!$D$1:$D$16,MATCH(sales!D3,sales!$D$1:$D$16,0)) -> 96000
O103: =INDEX(sales!$A:$A,MATCH(sales!A4,sales!$A:$A,0)) -> SA003 | P103: =INDEX(products!$B$1:$B$11,MATCH(products!B4,products!$B$1:$B$11,0)) -> Headphones | Q103: =INDEX(products!$C$1:$C$11,MATCH(products!C4,products!$C$1:$C$11,0)) -> Electronics | R103: =INDEX(customers!$B$1:$B$11,MATCH(customers!B4,customers!$B$1:$B$11,0)) -> Rahul Mehta | S103: =INDEX(stores!$B$1:$B$6,MATCH(stores!B4,stores!$B$1:$B$6,0)) -> Central Store | T103: =INDEX(sales!$D$1:$D$16,MATCH(sales!D4,sales!$D$1:$D$16,0)) -> 2 | U103: =INDEX(products!$E$1:$E$11,MATCH(products!E4,products!$E$1:$E$11,0)) -> 4500 | V103: =U103 *INDEX(sales!$D$1:$D$16,MATCH(sales!D4,sales!$D$1:$D$16,0)) -> 9000
O104: =INDEX(sales!$A:$A,MATCH(sales!A5,sales!$A:$A,0)) -> SA004 | P104: =INDEX(products!$B$1:$B$11,MATCH(products!B5,products!$B$1:$B$11,0)) -> Keyboard | Q104: =INDEX(products!$C$1:$C$11,MATCH(products!C5,products!$C$1:$C$11,0)) -> Accessories | R104: =INDEX(customers!$B$1:$B$11,MATCH(customers!B5,customers!$B$1:$B$11,0)) -> Sneha Joshi | S104: =INDEX(stores!$B$1:$B$6,MATCH(stores!B5,stores!$B$1:$B$6,0)) -> Digital Hub | T104: =INDEX(sales!$D$1:$D$16,MATCH(sales!D5,sales!$D$1:$D$16,0)) -> 1 | U104: =INDEX(products!$E$1:$E$11,MATCH(products!E5,products!$E$1:$E$11,0)) -> 1800 | V104: =U104 *INDEX(sales!$D$1:$D$16,MATCH(sales!D5,sales!$D$1:$D$16,0)) -> 1800
O105: =INDEX(sales!$A:$A,MATCH(sales!A6,sales!$A:$A,0)) -> SA005 | P105: =INDEX(products!$B$1:$B$11,MATCH(products!B6,products!$B$1:$B$11,0)) -> Mouse | Q105: =INDEX(products!$C$1:$C$11,MATCH(products!C6,products!$C$1:$C$11,0)) -> Accessories | R105: =INDEX(customers!$B$1:$B$11,MATCH(customers!B6,customers!$B$1:$B$11,0)) -> Arjun Singh | S105: =INDEX(stores!$B$1:$B$6,MATCH(stores!B6,stores!$B$1:$B$6,0)) -> Smart World | T105: =INDEX(sales!$D$1:$D$16,MATCH(sales!D6,sales!$D$1:$D$16,0)) -> 2 | U105: =INDEX(products!$E$1:$E$11,MATCH(products!E6,products!$E$1:$E$11,0)) -> 900 | V105: =U105 *INDEX(sales!$D$1:$D$16,MATCH(sales!D6,sales!$D$1:$D$16,0)) -> 1800
O106: =INDEX(sales!$A:$A,MATCH(sales!A7,sales!$A:$A,0)) -> SA006 | P106: =INDEX(products!$B$1:$B$11,MATCH(products!B7,products!$B$1:$B$11,0)) -> Printer | Q106: =INDEX(products!$C$1:$C$11,MATCH(products!C7,products!$C$1:$C$11,0)) -> Electronics | R106: =INDEX(customers!$B$1:$B$11,MATCH(customers!B7,customers!$B$1:$B$11,0)) -> Neha Verma | T106: =INDEX(sales!$D$1:$D$16,MATCH(sales!D7,sales!$D$1:$D$16,0)) -> 1 | U106: =INDEX(products!$E$1:$E$11,MATCH(products!E7,products!$E$1:$E$11,0)) -> 12500 | V106: =U106 *INDEX(sales!$D$1:$D$16,MATCH(sales!D7,sales!$D$1:$D$16,0)) -> 12500
O107: =INDEX(sales!$A:$A,MATCH(sales!A8,sales!$A:$A,0)) -> SA007 | P107: =INDEX(products!$B$1:$B$11,MATCH(products!B8,products!$B$1:$B$11,0)) -> Office Chair | Q107: =INDEX(products!$C$1:$C$11,MATCH(products!C8,products!$C$1:$C$11,0)) -> Furniture | R107: =INDEX(customers!$B$1:$B$11,MATCH(customers!B8,customers!$B$1:$B$11,0)) -> Rohan Gupta | T107: =INDEX(sales!$D$1:$D$16,MATCH(sales!D8,sales!$D$1:$D$16,0)) -> 1 | U107: =INDEX(products!$E$1:$E$11,MATCH(products!E8,products!$E$1:$E$11,0)) -> 8500 | V107: =U107 *INDEX(sales!$D$1:$D$16,MATCH(sales!D8,sales!$D$1:$D$16,0)) -> 8500
O108: =INDEX(sales!$A:$A,MATCH(sales!A9,sales!$A:$A,0)) -> SA008 | P108: =INDEX(products!$B$1:$B$11,MATCH(products!B9,products!$B$1:$B$11,0)) -> Office Desk | Q108: =INDEX(products!$C$1:$C$11,MATCH(products!C9,products!$C$1:$C$11,0)) -> Furniture | R108: =INDEX(customers!$B$1:$B$11,MATCH(customers!B9,customers!$B$1:$B$11,0)) -> Pooja Sharma | T108: =INDEX(sales!$D$1:$D$16,MATCH(sales!D9,sales!$D$1:$D$16,0)) -> 2 | U108: =INDEX(products!$E$1:$E$11,MATCH(products!E9,products!$E$1:$E$11,0)) -> 12000 | V108: =U108 *INDEX(sales!$D$1:$D$16,MATCH(sales!D9,sales!$D$1:$D$16,0)) -> 24000
O109: =INDEX(sales!$A:$A,MATCH(sales!A10,sales!$A:$A,0)) -> SA009 | P109: =INDEX(products!$B$1:$B$11,MATCH(products!B10,products!$B$1:$B$11,0)) -> Monitor | Q109: =INDEX(products!$C$1:$C$11,MATCH(products!C10,products!$C$1:$C$11,0)) -> Electronics | R109: =INDEX(customers!$B$1:$B$11,MATCH(customers!B10,customers!$B$1:$B$11,0)) -> Karan Desai | T109: =INDEX(sales!$D$1:$D$16,MATCH(sales!D10,sales!$D$1:$D$16,0)) -> 4 | U109: =INDEX(products!$E$1:$E$11,MATCH(products!E10,products!$E$1:$E$11,0)) -> 16000 | V109: =U109 *INDEX(sales!$D$1:$D$16,MATCH(sales!D10,sales!$D$1:$D$16,0)) -> 64000
O110: =INDEX(sales!$A:$A,MATCH(sales!A11,sales!$A:$A,0)) -> SA010 | P110: =INDEX(products!$B$1:$B$11,MATCH(products!B11,products!$B$1:$B$11,0)) -> Webcam | Q110: =INDEX(products!$C$1:$C$11,MATCH(products!C11,products!$C$1:$C$11,0)) -> Accessories | R110: =INDEX(customers!$B$1:$B$11,MATCH(customers!B11,customers!$B$1:$B$11,0)) -> Anjali Nair | T110: =INDEX(sales!$D$1:$D$16,MATCH(sales!D11,sales!$D$1:$D$16,0)) -> 1 | U110: =INDEX(products!$E$1:$E$11,MATCH(products!E11,products!$E$1:$E$11,0)) -> 3500 | V110: =U110 *INDEX(sales!$D$1:$D$16,MATCH(sales!D11,sales!$D$1:$D$16,0)) -> 3500
A116: 19 | C116: Product ID | D116: P1009
C117: Product Name | D117: =INDEX(products!$A:$F,MATCH(answer!$D$116,products!$A:$A,0),MATCH(answer!C117,products!$A$1:$F$1,0)) -> Monitor
C118: Category | D118: =INDEX(products!$A:$F,MATCH(answer!$D$116,products!$A:$A,0),MATCH(answer!C118,products!$A$1:$F$1,0)) -> Electronics
C119: Brand | D119: =INDEX(products!$A:$F,MATCH(answer!$D$116,products!$A:$A,0),MATCH(answer!C119,products!$A$1:$F$1,0)) -> LG
C120: Price | D120: =INDEX(products!$A:$F,MATCH(answer!$D$116,products!$A:$A,0),MATCH(answer!C120,products!$A$1:$F$1,0)) -> 16000
C121: Stock | D121: =INDEX(products!$A:$F,MATCH(answer!$D$116,products!$A:$A,0),MATCH(answer!C121,products!$A$1:$F$1,0)) -> 30
A125: 20 | C125: Sale Id | D125: Quantity | E125: Date | F125: Product name | G125: Category | H125: Brand | I125: Product price | J125: Customer Name | K125: Customer City | L125: Store Name | M125: Store City | N125: Total Sale
B127: Index & match | C127: SA004 | D127: =INDEX(sales!D:D, MATCH($C$127, sales!A:A, 0)) -> 1 | E127: =INDEX(sales!E:E, MATCH($C$127, sales!A:A, 0)) -> 46026 | F127: =INDEX(products!B:B,MATCH(INDEX(sales!B:B,MATCH(answer!$C$127,sales!A:A,0)),products!A:A,0)) -> Monitor | G127: =INDEX(products!C:C,MATCH(INDEX(sales!B:B,MATCH(answer!$C$127,sales!A:A,0)),products!A:A,0)) -> Electronics | H127: =INDEX(products!D:D,MATCH(INDEX(sales!B:B,MATCH(answer!$C$127,sales!A:A,0)),products!A:A,0)) -> LG | I127: =INDEX(products!E:E,MATCH(INDEX(sales!B:B,MATCH(answer!$C$127,sales!A:A,0)),products!A:A,0)) -> 16000 | J127: =INDEX(customers!B:B,MATCH(INDEX(sales!C:C,MATCH($C$127,sales!A:A,0)),customers!A:A,0)) -> Sneha Joshi | K127: =INDEX(customers!$A$1:$E$11,MATCH(INDEX(sales!C:C,MATCH(answer!$C$127,sales!A:A,0)),customers!A:A,0),MATCH(customers!$C$1,customers!$A$1:$E$1,0)) -> Pune | L127: =INDEX(stores!B:B,MATCH(INDEX(sales!F:F,MATCH(answer!$C$127,sales!A:A,0)),stores!A:A,0)) -> Digital Hub | M127: =INDEX(stores!C:C,MATCH(INDEX(sales!F:F,MATCH(answer!$C$127,sales!A:A,0)),stores!A:A,0)) -> Pune | N127: =INDEX(products!E:E,MATCH(INDEX(sales!B:B,MATCH(answer!$C$127,sales!A:A,0)),products!A:A,0)) * INDEX(products!F:F,MATCH(INDEX(sales!B:B,MATCH(answer!$C$127,sales!A:A,0)),products!A:A,0)) -> 480000
B128: Xlookup | D128: =_xlfn.XLOOKUP(C127,sales!A:A,sales!D:D) -> 1 | E128: =_xlfn.XLOOKUP(C127,sales!A:A,sales!E:E) -> 46026 | F128: =_xlfn.XLOOKUP(_xlfn.XLOOKUP($C$127,sales!A:A,sales!B:B),products!A:A,products!B:B) -> Monitor | G128: =_xlfn.XLOOKUP(_xlfn.XLOOKUP(answer!$C$127,sales!A:A,sales!B:B),products!A:A,products!C:C) -> Electronics | H128: =_xlfn.XLOOKUP(_xlfn.XLOOKUP($C$127,sales!A:A,sales!B:B),products!A:A,products!D:D) -> LG | I128: =_xlfn.XLOOKUP(_xlfn.XLOOKUP($C$127,sales!A:A,sales!B:B),products!A:A,products!E:E) -> 16000 | J128: =_xlfn.XLOOKUP(_xlfn.XLOOKUP($C$127,sales!A:A,sales!C:C),customers!A:A,customers!B:B) -> Sneha Joshi | K128: =_xlfn.XLOOKUP(_xlfn.XLOOKUP($C$127,sales!A:A,sales!C:C),customers!A:A,customers!C:C) -> Pune | L128: =_xlfn.XLOOKUP(_xlfn.XLOOKUP($C$127,sales!A:A,sales!F:F),stores!A:A,stores!B:B) -> Digital Hub | M128: =_xlfn.XLOOKUP(_xlfn.XLOOKUP($C$127,sales!A:A,sales!F:F),stores!A:A,stores!C:C) -> Pune | N128: =_xlfn.XLOOKUP(_xlfn.XLOOKUP($C$127,sales!A:A,sales!B:B),products!A:A,products!E:E)* _xlfn.XLOOKUP(_xlfn.XLOOKUP($C$127,sales!A:A,sales!B:B),products!A:A,products!F:F) -> 480000
C138: SALES REPORT DASHBOARD | G138: SALE ID :
G139: SA005
C141: ="Date : " & TEXT(INDEX(sales!E:E, MATCH($G$139, sales!A:A, 0)), "dd-mm-yyyy") -> Date : 05-01-2026
C143: Customer Details | E143: Product Details | G143: Store Details
...

Sheet task
A1: # Practice Tasks
A3: ## Beginner
A5: ### Task 1
A7: Find the **Product Name** for Product ID **P1006**.
A9: ### Task 2
A11: Find the **Price** for Product ID **P1008**.
A13: ### Task 3
A15: Find the **Brand** for Product ID **P1003**.
A17: ### Task 4
A19: Find the **Stock** for Product ID **P1005**.
A21: ### Task 5
A23: Find the **Category** for Product ID **P1004**.
... A120: > Use **INDEX + MATCH** for every lookup field.

Sheet sales
A1: Sale ID | B1: Product ID | C1: Customer ID | D1: Quantity | E1: Date | F1: Store ID
A2: SA001 | B2: P1001 | C2: C001 | D2: 1 | E2: 46023 | F2: S001
A3: SA002 | B3: P1005 | C3: C002 | D3: 3 | E3: 46024 | F3: S002
A4: SA003 | B4: P1003 | C4: C003 | D4: 2 | E4: 46025 | F4: S003
A5: SA004 | B5: P1009 | C5: C004 | D5: 1 | E5: 46026 | F5: S004
A6: SA005 | B6: P1002 | C6: C005 | D6: 2 | E6: 46027 | F6: S005
A7: SA006 | B7: P1007 | C7: C006 | D7: 1 | E7: 46028 | F7: S001
A8: SA007 | B8: P1006 | C8: C007 | D8: 1 | E8: 46029 | F8: S002
A9: SA008 | B9: P1010 | C9: C008 | D9: 2 | E9: 46030 | F9: S003
A10: SA009 | B10: P1004 | C10: C009 | D10: 4 | E10: 46031 | F10: S004
A11: SA010 | B11: P1008 | C11: C010 | D11: 1 | E11: 46032 | F11: S005
A12: SA011 | B12: P1005 | C12: C001 | D12: 5 | E12: 46033 | F12: S001
A13: SA012 | B13: P1003 | C13: C002 | D13: 3 | E13: 46034 | F13: S002
... A16: SA015 | B16: P1002 | C16: C005 | D16: 1 | E16: 46037 | F16: S005

Sheet customers
A1: Customer ID | B1: Customer Name | C1: City | D1: State | E1: Gender
A2: C001 | B2: Amit Patel | C2: Ahmedabad | D2: Gujarat | E2: Male
A3: C002 | B3: Priya Shah | C3: Surat | D3: Gujarat | E3: Female
A4: C003 | B4: Rahul Mehta | C4: Mumbai | D4: Maharashtra | E4: Male
A5: C004 | B5: Sneha Joshi | C5: Pune | D5: Maharashtra | E5: Female
A6: C005 | B6: Arjun Singh | C6: Jaipur | D6: Rajasthan | E6: Male
A7: C006 | B7: Neha Verma | C7: Delhi | D7: Delhi | E7: Female
A8: C007 | B8: Rohan Gupta | C8: Indore | D8: Madhya Pradesh | E8: Male
A9: C008 | B9: Pooja Sharma | C9: Lucknow | D9: Uttar Pradesh | E9: Female
A10: C009 | B10: Karan Desai | C10: Vadodara | D10: Gujarat | E10: Male
A11: C010 | B11: Anjali Nair | C11: Kochi | D11: Kerala | E11: Female

Sheet stores
A1: Store ID | B1: Store Name | C1: City | D1: State
A2: S001 | B2: Alpha Store | C2: Ahmedabad | D2: Gujarat
A3: S002 | B3: Beta Store | C3: Surat | D3: Gujarat
A4: S003 | B4: Central Store | C4: Mumbai | D4: Maharashtra
A5: S004 | B5: Digital Hub | C5: Pune | D5: Maharashtra
A6: S005 | B6: Smart World | C6: Jaipur | D6: Rajasthan
